ID,Categoria,Subcategoria,Valor,Cantidad,Fecha_Hora
1,C,Y,28,16,2023-01-01 00:00:00
2,D,Z,69,18,2023-01-01 01:00:00
3,A,X,77,8,2023-01-01 02:00:00
4,C,X,81,3,2023-01-01 03:00:00
5,C,X,40,9,2023-01-01 04:00:00
6,D,X,45,6,2023-01-01 05:00:00
7,A,X,96,10,2023-01-01 06:00:00
8,A,X,62,10,2023-01-01 07:00:00
9,C,X,93,13,2023-01-01 08:00:00
10,B,Y,58,17,2023-01-01 09:00:00
11,C,Z,67,9,2023-01-01 10:00:00
12,C,X,56,17,2023-01-01 11:00:00
13,C,Y,40,9,2023-01-01 12:00:00
14,C,Y,98,9,2023-01-01 13:00:00
15,D,Z,40,1,2023-01-01 14:00:00
16,A,X,91,2,2023-01-01 15:00:00
17,D,Z,77,16,2023-01-01 16:00:00
18,D,X,33,1,2023-01-01 17:00:00
19,D,Y,6,10,2023-01-01 18:00:00
20,C,Y,88,18,2023-01-01 19:00:00
21,B,Y,19,8,2023-01-01 20:00:00
22,A,Y,80,11,2023-01-01 21:00:00
23,B,Z,40,2,2023-01-01 22:00:00
24,D,X,92,8,2023-01-01 23:00:00
25,D,X,97,8,2023-01-02 00:00:00
26,B,Z,59,17,2023-01-02 01:00:00
27,B,X,59,15,2023-01-02 02:00:00
28,B,Y,48,17,2023-01-02 03:00:00
29,D,X,41,13,2023-01-02 04:00:00
30,D,Y,13,19,2023-01-02 05:00:00
31,A,Z,45,5,2023-01-02 06:00:00
32,A,X,89,12,2023-01-02 07:00:00
33,D,Z,53,1,2023-01-02 08:00:00
34,B,X,42,5,2023-01-02 09:00:00
35,B,Y,63,8,2023-01-02 10:00:00
36,A,Z,27,13,2023-01-02 11:00:00
37,D,X,38,8,2023-01-02 12:00:00
38,A,Y,60,11,2023-01-02 13:00:00
39,A,Z,7,1,2023-01-02 14:00:00
40,C,Z,5,13,2023-01-02 15:00:00
41,C,X,45,19,2023-01-02 16:00:00
42,C,X,58,3,2023-01-02 17:00:00
43,B,X,31,17,2023-01-02 18:00:00
44,D,Y,23,5,2023-01-02 19:00:00
45,D,X,42,8,2023-01-02 20:00:00
46,D,Z,10,14,2023-01-02 21:00:00
47,D,Z,32,4,2023-01-02 22:00:00
48,C,X,53,11,2023-01-02 23:00:00
49,B,X,30,15,2023-01-03 00:00:00
50,B,Z,39,19,2023-01-03 01:00:00
51,C,Y,31,7,2023-01-03 02:00:00
52,B,X,82,19,2023-01-03 03:00:00
53,C,X,2,19,2023-01-03 04:00:00
54,D,Z,78,11,2023-01-03 05:00:00
55,C,X,77,5,2023-01-03 06:00:00
56,D,Y,93,5,2023-01-03 07:00:00
57,D,Z,12,8,2023-01-03 08:00:00
58,A,X,39,10,2023-01-03 09:00:00
59,C,Z,66,6,2023-01-03 10:00:00
60,A,X,96,15,2023-01-03 11:00:00
61,C,X,13,16,2023-01-03 12:00:00
62,C,X,46,17,2023-01-03 13:00:00
63,A,Y,27,8,2023-01-03 14:00:00
64,A,Y,17,8,2023-01-03 15:00:00
65,C,Z,95,9,2023-01-03 16:00:00
66,B,X,98,2,2023-01-03 17:00:00
67,D,X,60,15,2023-01-03 18:00:00
68,A,Y,64,18,2023-01-03 19:00:00
69,D,X,88,3,2023-01-03 20:00:00
70,B,Y,35,17,2023-01-03 21:00:00
71,B,X,70,4,2023-01-03 22:00:00
72,B,Z,83,4,2023-01-03 23:00:00
73,A,X,30,14,2023-01-04 00:00:00
74,B,X,71,9,2023-01-04 01:00:00
75,A,Y,74,9,2023-01-04 02:00:00
76,B,X,96,18,2023-01-04 03:00:00
77,D,X,98,10,2023-01-04 04:00:00
78,D,Y,63,4,2023-01-04 05:00:00
79,C,Z,28,12,2023-01-04 06:00:00
80,D,Z,60,8,2023-01-04 07:00:00
81,C,Y,79,2,2023-01-04 08:00:00
82,D,Y,94,13,2023-01-04 09:00:00
83,A,Y,37,16,2023-01-04 10:00:00
84,D,Y,93,2,2023-01-04 11:00:00
85,C,Y,22,11,2023-01-04 12:00:00
86,C,Z,68,10,2023-01-04 13:00:00
87,B,Z,20,15,2023-01-04 14:00:00
88,A,Y,96,17,2023-01-04 15:00:00
89,D,X,68,8,2023-01-04 16:00:00
90,B,Y,91,18,2023-01-04 17:00:00
91,D,X,64,9,2023-01-04 18:00:00
92,D,Y,17,8,2023-01-04 19:00:00
93,B,Y,12,14,2023-01-04 20:00:00
94,B,Z,22,18,2023-01-04 21:00:00
95,B,X,17,12,2023-01-04 22:00:00
96,B,X,10,19,2023-01-04 23:00:00
97,B,Z,65,14,2023-01-05 00:00:00
98,D,Z,22,17,2023-01-05 01:00:00
99,B,Z,90,3,2023-01-05 02:00:00
100,A,Z,82,7,2023-01-05 03:00:00
101,C,X,50,17,2023-01-05 04:00:00
102,B,X,14,12,2023-01-05 05:00:00
103,B,Y,64,9,2023-01-05 06:00:00
104,D,Y,47,15,2023-01-05 07:00:00
105,B,Z,29,18,2023-01-05 08:00:00
106,B,Z,76,13,2023-01-05 09:00:00
107,B,Z,36,8,2023-01-05 10:00:00
108,D,Y,99,14,2023-01-05 11:00:00
109,B,Y,52,8,2023-01-05 12:00:00
110,C,Y,76,14,2023-01-05 13:00:00
111,D,Y,7,7,2023-01-05 14:00:00
112,C,Y,29,12,2023-01-05 15:00:00
113,D,Y,11,11,2023-01-05 16:00:00
114,B,Y,33,11,2023-01-05 17:00:00
115,C,Z,6,13,2023-01-05 18:00:00
116,D,Z,79,18,2023-01-05 19:00:00
117,A,Z,32,2,2023-01-05 20:00:00
118,B,Z,51,15,2023-01-05 21:00:00
119,D,Y,75,18,2023-01-05 22:00:00
120,A,X,58,15,2023-01-05 23:00:00
121,D,Y,87,19,2023-01-06 00:00:00
122,A,X,26,12,2023-01-06 01:00:00
123,B,Z,98,13,2023-01-06 02:00:00
124,C,Y,46,11,2023-01-06 03:00:00
125,A,Z,98,5,2023-01-06 04:00:00
126,D,Y,29,1,2023-01-06 05:00:00
127,B,Z,4,3,2023-01-06 06:00:00
128,A,X,81,19,2023-01-06 07:00:00
129,D,X,99,7,2023-01-06 08:00:00
130,D,X,13,12,2023-01-06 09:00:00
131,D,Y,39,15,2023-01-06 10:00:00
132,A,X,15,5,2023-01-06 11:00:00
133,A,Y,29,15,2023-01-06 12:00:00
134,A,X,29,8,2023-01-06 13:00:00
135,C,X,75,10,2023-01-06 14:00:00
136,A,Y,32,16,2023-01-06 15:00:00
137,A,Y,2,8,2023-01-06 16:00:00
138,A,X,47,1,2023-01-06 17:00:00
139,C,Y,78,12,2023-01-06 18:00:00
140,A,X,84,5,2023-01-06 19:00:00
141,D,Y,22,3,2023-01-06 20:00:00
142,A,Z,75,1,2023-01-06 21:00:00
143,D,Z,27,4,2023-01-06 22:00:00
144,D,Z,67,8,2023-01-06 23:00:00
145,D,Z,81,3,2023-01-07 00:00:00
146,C,Z,56,10,2023-01-07 01:00:00
147,C,X,92,2,2023-01-07 02:00:00
148,C,Z,93,11,2023-01-07 03:00:00
149,A,Z,21,10,2023-01-07 04:00:00
150,D,Z,47,14,2023-01-07 05:00:00
151,C,Z,80,7,2023-01-07 06:00:00
152,C,Y,59,2,2023-01-07 07:00:00
153,A,X,84,9,2023-01-07 08:00:00
154,C,Z,6,16,2023-01-07 09:00:00
155,A,Z,19,13,2023-01-07 10:00:00
156,B,Z,57,9,2023-01-07 11:00:00
157,C,X,69,4,2023-01-07 12:00:00
158,B,Y,3,10,2023-01-07 13:00:00
159,A,X,1,12,2023-01-07 14:00:00
160,D,Y,58,17,2023-01-07 15:00:00
161,C,Z,38,14,2023-01-07 16:00:00
162,A,Z,15,14,2023-01-07 17:00:00
163,D,X,34,2,2023-01-07 18:00:00
164,D,X,61,11,2023-01-07 19:00:00
165,B,Y,35,16,2023-01-07 20:00:00
166,A,Y,64,19,2023-01-07 21:00:00
167,D,X,25,6,2023-01-07 22:00:00
168,C,Y,24,19,2023-01-07 23:00:00
169,C,X,12,5,2023-01-08 00:00:00
170,B,Y,18,4,2023-01-08 01:00:00
171,D,X,15,15,2023-01-08 02:00:00
172,A,X,80,4,2023-01-08 03:00:00
173,C,X,27,10,2023-01-08 04:00:00
174,D,Y,72,3,2023-01-08 05:00:00
175,D,Y,60,5,2023-01-08 06:00:00
176,B,Y,46,6,2023-01-08 07:00:00
177,C,X,89,8,2023-01-08 08:00:00
178,C,Y,17,7,2023-01-08 09:00:00
179,A,Y,93,10,2023-01-08 10:00:00
180,C,X,53,6,2023-01-08 11:00:00
181,A,Z,8,14,2023-01-08 12:00:00
182,C,X,79,4,2023-01-08 13:00:00
183,B,Y,27,13,2023-01-08 14:00:00
184,C,X,46,17,2023-01-08 15:00:00
185,A,Z,50,7,2023-01-08 16:00:00
186,A,X,71,4,2023-01-08 17:00:00
187,B,Y,3,14,2023-01-08 18:00:00
188,C,Z,93,3,2023-01-08 19:00:00
189,C,Y,64,5,2023-01-08 20:00:00
190,B,Z,44,16,2023-01-08 21:00:00
191,C,Z,53,4,2023-01-08 22:00:00
192,C,X,24,2,2023-01-08 23:00:00
193,A,X,60,18,2023-01-09 00:00:00
194,C,Y,3,19,2023-01-09 01:00:00
195,C,X,20,19,2023-01-09 02:00:00
196,B,X,46,17,2023-01-09 03:00:00
197,B,Z,15,14,2023-01-09 04:00:00
198,D,X,25,19,2023-01-09 05:00:00
199,A,Z,94,13,2023-01-09 06:00:00
200,C,Z,78,12,2023-01-09 07:00:00
201,C,Z,71,6,2023-01-09 08:00:00
202,D,Y,17,4,2023-01-09 09:00:00
203,C,Y,84,19,2023-01-09 10:00:00
204,A,Y,9,16,2023-01-09 11:00:00
205,D,Z,38,13,2023-01-09 12:00:00
206,A,Y,48,4,2023-01-09 13:00:00
207,D,Y,60,17,2023-01-09 14:00:00
208,D,X,63,1,2023-01-09 15:00:00
209,B,Y,86,18,2023-01-09 16:00:00
210,A,Y,2,17,2023-01-09 17:00:00
211,C,Z,88,15,2023-01-09 18:00:00
212,C,Z,72,11,2023-01-09 19:00:00
213,A,Z,11,13,2023-01-09 20:00:00
214,C,Z,64,1,2023-01-09 21:00:00
215,C,Z,77,17,2023-01-09 22:00:00
216,A,Z,81,6,2023-01-09 23:00:00
217,D,Y,72,4,2023-01-10 00:00:00
218,A,Z,21,16,2023-01-10 01:00:00
219,D,Z,18,15,2023-01-10 02:00:00
220,C,X,94,15,2023-01-10 03:00:00
221,C,Y,64,6,2023-01-10 04:00:00
222,C,Y,82,15,2023-01-10 05:00:00
223,B,Y,95,14,2023-01-10 06:00:00
224,D,Z,38,11,2023-01-10 07:00:00
225,B,Z,32,7,2023-01-10 08:00:00
226,B,Z,11,9,2023-01-10 09:00:00
227,A,X,45,16,2023-01-10 10:00:00
228,B,Z,89,5,2023-01-10 11:00:00
229,A,X,33,10,2023-01-10 12:00:00
230,A,Y,41,18,2023-01-10 13:00:00
231,B,Z,8,3,2023-01-10 14:00:00
232,D,X,11,13,2023-01-10 15:00:00
233,D,X,86,11,2023-01-10 16:00:00
234,D,Z,51,17,2023-01-10 17:00:00
235,D,Y,88,13,2023-01-10 18:00:00
236,D,Y,41,6,2023-01-10 19:00:00
237,B,Y,17,17,2023-01-10 20:00:00
238,B,X,76,13,2023-01-10 21:00:00
239,C,X,46,19,2023-01-10 22:00:00
240,D,X,32,19,2023-01-10 23:00:00
241,B,X,79,10,2023-01-11 00:00:00
242,C,Y,80,3,2023-01-11 01:00:00
243,D,Z,54,14,2023-01-11 02:00:00
244,A,X,86,19,2023-01-11 03:00:00
245,C,X,92,5,2023-01-11 04:00:00
246,B,Y,20,5,2023-01-11 05:00:00
247,A,Z,33,17,2023-01-11 06:00:00
248,A,Z,74,10,2023-01-11 07:00:00
249,A,Y,40,5,2023-01-11 08:00:00
250,C,Y,32,4,2023-01-11 09:00:00
251,B,Z,97,6,2023-01-11 10:00:00
252,A,X,2,4,2023-01-11 11:00:00
253,D,Z,97,7,2023-01-11 12:00:00
254,A,Y,33,7,2023-01-11 13:00:00
255,A,X,77,18,2023-01-11 14:00:00
256,C,X,30,3,2023-01-11 15:00:00
257,C,Y,33,1,2023-01-11 16:00:00
258,B,Y,77,4,2023-01-11 17:00:00
259,D,Y,26,6,2023-01-11 18:00:00
260,C,Z,22,9,2023-01-11 19:00:00
261,A,Z,66,14,2023-01-11 20:00:00
262,B,X,38,12,2023-01-11 21:00:00
263,A,Y,90,4,2023-01-11 22:00:00
264,A,X,46,12,2023-01-11 23:00:00
265,C,X,15,10,2023-01-12 00:00:00
266,B,X,98,7,2023-01-12 01:00:00
267,D,X,44,3,2023-01-12 02:00:00
268,D,Y,49,14,2023-01-12 03:00:00
269,C,X,75,10,2023-01-12 04:00:00
270,C,Y,61,16,2023-01-12 05:00:00
271,B,Y,67,16,2023-01-12 06:00:00
272,D,Z,6,10,2023-01-12 07:00:00
273,D,Y,9,13,2023-01-12 08:00:00
274,D,Z,6,6,2023-01-12 09:00:00
275,A,Y,73,12,2023-01-12 10:00:00
276,D,Y,95,9,2023-01-12 11:00:00
277,A,Y,32,13,2023-01-12 12:00:00
278,B,Z,41,4,2023-01-12 13:00:00
279,A,Z,76,11,2023-01-12 14:00:00
280,B,X,8,18,2023-01-12 15:00:00
281,D,Z,72,11,2023-01-12 16:00:00
282,D,Z,50,4,2023-01-12 17:00:00
283,B,Z,92,18,2023-01-12 18:00:00
284,C,Z,62,1,2023-01-12 19:00:00
285,B,X,84,7,2023-01-12 20:00:00
286,C,Z,62,6,2023-01-12 21:00:00
287,A,Y,7,15,2023-01-12 22:00:00
288,A,Y,75,18,2023-01-12 23:00:00
289,A,Z,84,11,2023-01-13 00:00:00
290,D,Z,80,15,2023-01-13 01:00:00
291,A,Y,4,16,2023-01-13 02:00:00
292,C,Y,6,7,2023-01-13 03:00:00
293,A,X,58,10,2023-01-13 04:00:00
294,B,Y,22,12,2023-01-13 05:00:00
295,B,Y,26,14,2023-01-13 06:00:00
296,D,Z,3,5,2023-01-13 07:00:00
297,B,Y,41,18,2023-01-13 08:00:00
298,C,X,60,5,2023-01-13 09:00:00
299,A,Y,14,3,2023-01-13 10:00:00
300,D,Z,75,5,2023-01-13 11:00:00
301,A,Z,82,17,2023-01-13 12:00:00
302,A,Y,12,19,2023-01-13 13:00:00
303,C,Z,87,19,2023-01-13 14:00:00
304,B,X,12,12,2023-01-13 15:00:00
305,B,X,13,9,2023-01-13 16:00:00
306,A,Y,25,1,2023-01-13 17:00:00
307,D,Y,45,18,2023-01-13 18:00:00
308,B,Y,19,4,2023-01-13 19:00:00
309,D,Z,55,10,2023-01-13 20:00:00
310,B,X,45,7,2023-01-13 21:00:00
311,D,X,8,1,2023-01-13 22:00:00
312,C,Z,93,17,2023-01-13 23:00:00
313,D,X,53,2,2023-01-14 00:00:00
314,C,Y,55,11,2023-01-14 01:00:00
315,C,Y,32,9,2023-01-14 02:00:00
316,D,Y,51,7,2023-01-14 03:00:00
317,C,X,44,17,2023-01-14 04:00:00
318,A,Y,82,17,2023-01-14 05:00:00
319,C,Z,70,2,2023-01-14 06:00:00
320,B,Z,18,6,2023-01-14 07:00:00
321,D,X,83,14,2023-01-14 08:00:00
322,A,Z,22,6,2023-01-14 09:00:00
323,D,Z,37,2,2023-01-14 10:00:00
324,B,X,96,1,2023-01-14 11:00:00
325,B,Y,56,10,2023-01-14 12:00:00
326,B,Y,59,5,2023-01-14 13:00:00
327,C,Y,3,2,2023-01-14 14:00:00
328,C,X,28,16,2023-01-14 15:00:00
329,D,Z,74,2,2023-01-14 16:00:00
330,D,Y,35,10,2023-01-14 17:00:00
331,A,Y,61,2,2023-01-14 18:00:00
332,A,X,93,16,2023-01-14 19:00:00
333,D,Y,54,16,2023-01-14 20:00:00
334,C,X,63,19,2023-01-14 21:00:00
335,B,Z,79,7,2023-01-14 22:00:00
336,D,X,97,12,2023-01-14 23:00:00
337,A,X,7,15,2023-01-15 00:00:00
338,C,X,76,8,2023-01-15 01:00:00
339,D,X,49,6,2023-01-15 02:00:00
340,D,Z,94,10,2023-01-15 03:00:00
341,C,Z,85,3,2023-01-15 04:00:00
342,D,Y,31,19,2023-01-15 05:00:00
343,C,Z,58,17,2023-01-15 06:00:00
344,B,Z,61,7,2023-01-15 07:00:00
345,C,Y,24,4,2023-01-15 08:00:00
346,C,Z,20,14,2023-01-15 09:00:00
347,C,X,37,15,2023-01-15 10:00:00
348,D,X,4,8,2023-01-15 11:00:00
349,D,Y,92,15,2023-01-15 12:00:00
350,C,Y,20,14,2023-01-15 13:00:00
351,D,Y,60,9,2023-01-15 14:00:00
352,A,X,24,8,2023-01-15 15:00:00
353,A,Z,50,17,2023-01-15 16:00:00
354,D,X,49,2,2023-01-15 17:00:00
355,D,Y,51,3,2023-01-15 18:00:00
356,C,Z,96,8,2023-01-15 19:00:00
357,B,Z,36,12,2023-01-15 20:00:00
358,D,X,98,1,2023-01-15 21:00:00
359,A,Y,66,10,2023-01-15 22:00:00
360,C,X,79,3,2023-01-15 23:00:00
361,D,Z,34,6,2023-01-16 00:00:00
362,A,X,36,7,2023-01-16 01:00:00
363,A,X,6,18,2023-01-16 02:00:00
364,B,Y,39,11,2023-01-16 03:00:00
365,C,Y,42,19,2023-01-16 04:00:00
366,C,Z,58,5,2023-01-16 05:00:00
367,B,X,12,19,2023-01-16 06:00:00
368,B,X,3,11,2023-01-16 07:00:00
369,C,X,18,12,2023-01-16 08:00:00
370,C,Z,40,10,2023-01-16 09:00:00
371,D,Z,21,8,2023-01-16 10:00:00
372,D,Y,15,9,2023-01-16 11:00:00
373,B,Y,97,4,2023-01-16 12:00:00
374,D,Y,99,5,2023-01-16 13:00:00
375,A,X,26,8,2023-01-16 14:00:00
376,D,X,8,9,2023-01-16 15:00:00
377,D,Y,94,15,2023-01-16 16:00:00
378,A,X,87,15,2023-01-16 17:00:00
379,B,Y,42,16,2023-01-16 18:00:00
380,A,Z,44,14,2023-01-16 19:00:00
381,D,Y,14,8,2023-01-16 20:00:00
382,B,Z,78,18,2023-01-16 21:00:00
383,D,X,2,10,2023-01-16 22:00:00
384,A,Y,37,6,2023-01-16 23:00:00
385,A,X,69,12,2023-01-17 00:00:00
386,D,Z,38,2,2023-01-17 01:00:00
387,C,Z,41,7,2023-01-17 02:00:00
388,C,Z,62,16,2023-01-17 03:00:00
389,A,X,60,3,2023-01-17 04:00:00
390,A,X,14,13,2023-01-17 05:00:00
391,C,X,89,3,2023-01-17 06:00:00
392,C,X,84,18,2023-01-17 07:00:00
393,D,Z,2,11,2023-01-17 08:00:00
394,D,Z,70,8,2023-01-17 09:00:00
395,C,Y,17,6,2023-01-17 10:00:00
396,D,Y,89,1,2023-01-17 11:00:00
397,D,X,28,1,2023-01-17 12:00:00
398,B,Z,66,8,2023-01-17 13:00:00
399,D,Z,35,5,2023-01-17 14:00:00
400,A,Z,5,16,2023-01-17 15:00:00
401,D,Y,65,11,2023-01-17 16:00:00
402,D,Y,40,5,2023-01-17 17:00:00
403,C,Z,76,4,2023-01-17 18:00:00
404,A,Z,56,6,2023-01-17 19:00:00
405,D,Z,36,14,2023-01-17 20:00:00
406,D,Y,45,19,2023-01-17 21:00:00
407,B,Z,23,9,2023-01-17 22:00:00
408,D,Z,47,12,2023-01-17 23:00:00
409,D,X,31,11,2023-01-18 00:00:00
410,B,X,11,14,2023-01-18 01:00:00
411,C,Y,10,16,2023-01-18 02:00:00
412,D,Z,67,1,2023-01-18 03:00:00
413,B,Z,14,13,2023-01-18 04:00:00
414,A,X,80,13,2023-01-18 05:00:00
415,C,Y,74,2,2023-01-18 06:00:00
416,A,X,93,4,2023-01-18 07:00:00
417,A,X,10,6,2023-01-18 08:00:00
418,B,X,76,5,2023-01-18 09:00:00
419,D,X,94,3,2023-01-18 10:00:00
420,B,Z,1,1,2023-01-18 11:00:00
421,B,Z,5,4,2023-01-18 12:00:00
422,B,X,20,2,2023-01-18 13:00:00
423,B,Y,8,5,2023-01-18 14:00:00
424,C,Y,43,3,2023-01-18 15:00:00
425,D,Y,76,9,2023-01-18 16:00:00
426,A,Y,1,6,2023-01-18 17:00:00
427,A,X,57,18,2023-01-18 18:00:00
428,D,Z,64,6,2023-01-18 19:00:00
429,A,Y,84,19,2023-01-18 20:00:00
430,D,X,28,12,2023-01-18 21:00:00
431,A,Y,37,11,2023-01-18 22:00:00
432,B,Y,47,2,2023-01-18 23:00:00
433,A,X,76,15,2023-01-19 00:00:00
434,D,Z,37,12,2023-01-19 01:00:00
435,D,Z,49,12,2023-01-19 02:00:00
436,D,X,44,9,2023-01-19 03:00:00
437,D,Z,56,2,2023-01-19 04:00:00
438,D,X,28,3,2023-01-19 05:00:00
439,C,X,79,12,2023-01-19 06:00:00
440,C,X,6,16,2023-01-19 07:00:00
441,A,Z,61,1,2023-01-19 08:00:00
442,D,X,20,3,2023-01-19 09:00:00
443,A,Y,78,2,2023-01-19 10:00:00
444,D,Z,2,9,2023-01-19 11:00:00
445,D,Z,73,19,2023-01-19 12:00:00
446,C,Z,37,15,2023-01-19 13:00:00
447,C,Z,20,18,2023-01-19 14:00:00
448,B,Y,26,11,2023-01-19 15:00:00
449,C,Z,29,16,2023-01-19 16:00:00
450,B,Z,1,17,2023-01-19 17:00:00
451,B,X,35,5,2023-01-19 18:00:00
452,B,Z,70,12,2023-01-19 19:00:00
453,B,Y,59,11,2023-01-19 20:00:00
454,B,Y,69,15,2023-01-19 21:00:00
455,A,Y,33,3,2023-01-19 22:00:00
456,C,Y,51,1,2023-01-19 23:00:00
457,B,Z,78,16,2023-01-20 00:00:00
458,D,Z,12,2,2023-01-20 01:00:00
459,C,Y,20,2,2023-01-20 02:00:00
460,C,Y,53,3,2023-01-20 03:00:00
461,B,Z,88,8,2023-01-20 04:00:00
462,A,Y,43,15,2023-01-20 05:00:00
463,B,X,98,7,2023-01-20 06:00:00
464,A,Y,89,6,2023-01-20 07:00:00
465,D,Y,50,9,2023-01-20 08:00:00
466,C,X,29,1,2023-01-20 09:00:00
467,D,X,57,8,2023-01-20 10:00:00
468,A,Z,39,3,2023-01-20 11:00:00
469,A,Z,95,4,2023-01-20 12:00:00
470,D,X,56,15,2023-01-20 13:00:00
471,A,X,43,6,2023-01-20 14:00:00
472,D,Z,50,15,2023-01-20 15:00:00
473,C,Y,23,3,2023-01-20 16:00:00
474,D,X,44,14,2023-01-20 17:00:00
475,C,Z,38,14,2023-01-20 18:00:00
476,D,Y,84,4,2023-01-20 19:00:00
477,A,X,23,12,2023-01-20 20:00:00
478,D,Y,45,17,2023-01-20 21:00:00
479,A,Z,52,7,2023-01-20 22:00:00
480,D,X,80,9,2023-01-20 23:00:00
481,D,Y,50,3,2023-01-21 00:00:00
482,B,X,8,13,2023-01-21 01:00:00
483,A,Y,85,15,2023-01-21 02:00:00
484,B,Z,1,18,2023-01-21 03:00:00
485,A,Z,8,19,2023-01-21 04:00:00
486,B,X,29,1,2023-01-21 05:00:00
487,C,Y,96,6,2023-01-21 06:00:00
488,D,X,5,2,2023-01-21 07:00:00
489,A,X,86,14,2023-01-21 08:00:00
490,A,Y,47,6,2023-01-21 09:00:00
491,D,Y,34,14,2023-01-21 10:00:00
492,A,Y,65,4,2023-01-21 11:00:00
493,A,Z,55,8,2023-01-21 12:00:00
494,B,X,90,3,2023-01-21 13:00:00
495,A,X,43,19,2023-01-21 14:00:00
496,C,Z,74,14,2023-01-21 15:00:00
497,C,Y,30,17,2023-01-21 16:00:00
498,D,Z,82,8,2023-01-21 17:00:00
499,A,Z,17,14,2023-01-21 18:00:00
500,D,Z,26,6,2023-01-21 19:00:00
501,C,X,8,16,2023-01-21 20:00:00
502,A,Z,47,19,2023-01-21 21:00:00
503,A,X,76,14,2023-01-21 22:00:00
504,D,X,91,19,2023-01-21 23:00:00
505,C,X,72,3,2023-01-22 00:00:00
506,A,Y,89,10,2023-01-22 01:00:00
507,D,X,46,19,2023-01-22 02:00:00
508,C,X,68,9,2023-01-22 03:00:00
509,D,Y,33,13,2023-01-22 04:00:00
510,B,X,1,7,2023-01-22 05:00:00
511,A,Z,19,14,2023-01-22 06:00:00
512,B,Z,31,9,2023-01-22 07:00:00
513,C,X,80,19,2023-01-22 08:00:00
514,B,Y,14,15,2023-01-22 09:00:00
515,B,Z,53,14,2023-01-22 10:00:00
516,C,Y,48,6,2023-01-22 11:00:00
517,D,Y,69,4,2023-01-22 12:00:00
518,B,Z,90,8,2023-01-22 13:00:00
519,D,Y,62,17,2023-01-22 14:00:00
520,B,Z,92,9,2023-01-22 15:00:00
521,D,Y,66,1,2023-01-22 16:00:00
522,C,Z,64,14,2023-01-22 17:00:00
523,B,X,70,11,2023-01-22 18:00:00
524,C,Z,63,3,2023-01-22 19:00:00
525,B,Z,73,9,2023-01-22 20:00:00
526,C,Z,33,14,2023-01-22 21:00:00
527,C,Z,41,9,2023-01-22 22:00:00
528,B,Y,89,4,2023-01-22 23:00:00
529,B,X,48,4,2023-01-23 00:00:00
530,B,Z,13,8,2023-01-23 01:00:00
531,A,Y,73,2,2023-01-23 02:00:00
532,D,X,77,9,2023-01-23 03:00:00
533,A,X,31,14,2023-01-23 04:00:00
534,A,X,75,9,2023-01-23 05:00:00
535,C,X,68,16,2023-01-23 06:00:00
536,B,Z,98,17,2023-01-23 07:00:00
537,D,Z,4,16,2023-01-23 08:00:00
538,C,Y,19,12,2023-01-23 09:00:00
539,A,Y,70,3,2023-01-23 10:00:00
540,B,Y,98,11,2023-01-23 11:00:00
541,C,X,82,14,2023-01-23 12:00:00
542,B,X,13,18,2023-01-23 13:00:00
543,C,Z,23,5,2023-01-23 14:00:00
544,B,X,83,16,2023-01-23 15:00:00
545,A,X,75,5,2023-01-23 16:00:00
546,D,X,1,3,2023-01-23 17:00:00
547,A,Y,88,12,2023-01-23 18:00:00
548,D,Y,54,1,2023-01-23 19:00:00
549,B,Z,71,9,2023-01-23 20:00:00
550,C,X,89,9,2023-01-23 21:00:00
551,A,X,85,4,2023-01-23 22:00:00
552,D,Z,15,3,2023-01-23 23:00:00
553,A,X,65,17,2023-01-24 00:00:00
554,D,X,76,2,2023-01-24 01:00:00
555,A,Y,71,1,2023-01-24 02:00:00
556,D,Z,15,8,2023-01-24 03:00:00
557,D,Z,21,13,2023-01-24 04:00:00
558,B,Z,19,15,2023-01-24 05:00:00
559,D,Z,60,8,2023-01-24 06:00:00
560,B,Y,93,12,2023-01-24 07:00:00
561,D,Y,89,12,2023-01-24 08:00:00
562,C,X,33,14,2023-01-24 09:00:00
563,C,X,49,15,2023-01-24 10:00:00
564,C,X,96,15,2023-01-24 11:00:00
565,D,X,35,9,2023-01-24 12:00:00
566,B,Y,44,19,2023-01-24 13:00:00
567,B,Z,90,8,2023-01-24 14:00:00
568,D,Y,11,19,2023-01-24 15:00:00
569,C,X,99,6,2023-01-24 16:00:00
570,C,Y,72,19,2023-01-24 17:00:00
571,B,Z,78,4,2023-01-24 18:00:00
572,C,Z,74,7,2023-01-24 19:00:00
573,A,Y,66,4,2023-01-24 20:00:00
574,B,Y,46,12,2023-01-24 21:00:00
575,C,Y,9,13,2023-01-24 22:00:00
576,B,X,3,3,2023-01-24 23:00:00
577,A,Y,85,12,2023-01-25 00:00:00
578,B,Y,26,2,2023-01-25 01:00:00
579,B,Y,72,2,2023-01-25 02:00:00
580,B,Z,48,9,2023-01-25 03:00:00
581,B,Z,66,1,2023-01-25 04:00:00
582,A,X,70,8,2023-01-25 05:00:00
583,D,X,28,6,2023-01-25 06:00:00
584,B,Z,93,6,2023-01-25 07:00:00
585,B,Z,26,18,2023-01-25 08:00:00
586,C,Z,25,17,2023-01-25 09:00:00
587,B,Y,12,12,2023-01-25 10:00:00
588,C,Y,5,6,2023-01-25 11:00:00
589,D,Z,98,8,2023-01-25 12:00:00
590,A,Y,48,19,2023-01-25 13:00:00
591,A,Y,37,10,2023-01-25 14:00:00
592,D,X,79,1,2023-01-25 15:00:00
593,A,Z,44,13,2023-01-25 16:00:00
594,D,Z,15,17,2023-01-25 17:00:00
595,D,Y,43,3,2023-01-25 18:00:00
596,D,Z,48,8,2023-01-25 19:00:00
597,A,X,87,14,2023-01-25 20:00:00
598,C,X,70,3,2023-01-25 21:00:00
599,D,X,46,16,2023-01-25 22:00:00
600,B,Z,43,13,2023-01-25 23:00:00
601,A,Z,21,17,2023-01-26 00:00:00
602,D,Z,23,13,2023-01-26 01:00:00
603,D,Z,80,6,2023-01-26 02:00:00
604,B,Z,47,17,2023-01-26 03:00:00
605,C,X,15,14,2023-01-26 04:00:00
606,C,Y,25,17,2023-01-26 05:00:00
607,C,X,36,8,2023-01-26 06:00:00
608,D,Z,75,11,2023-01-26 07:00:00
609,D,X,51,1,2023-01-26 08:00:00
610,D,Z,15,7,2023-01-26 09:00:00
611,A,Z,68,17,2023-01-26 10:00:00
612,B,X,21,10,2023-01-26 11:00:00
613,D,Z,13,11,2023-01-26 12:00:00
614,B,Y,86,9,2023-01-26 13:00:00
615,B,Z,19,9,2023-01-26 14:00:00
616,C,Y,34,5,2023-01-26 15:00:00
617,A,Y,78,17,2023-01-26 16:00:00
618,D,Z,68,9,2023-01-26 17:00:00
619,C,X,52,17,2023-01-26 18:00:00
620,C,Y,27,19,2023-01-26 19:00:00
621,D,X,29,7,2023-01-26 20:00:00
622,B,Y,28,9,2023-01-26 21:00:00
623,C,Z,35,7,2023-01-26 22:00:00
624,B,Z,8,13,2023-01-26 23:00:00
625,A,Y,16,11,2023-01-27 00:00:00
626,B,Z,36,14,2023-01-27 01:00:00
627,A,Y,30,19,2023-01-27 02:00:00
628,B,Z,18,11,2023-01-27 03:00:00
629,C,X,2,13,2023-01-27 04:00:00
630,C,Z,49,14,2023-01-27 05:00:00
631,A,X,77,13,2023-01-27 06:00:00
632,D,Z,4,1,2023-01-27 07:00:00
633,A,X,90,8,2023-01-27 08:00:00
634,A,Z,89,12,2023-01-27 09:00:00
635,B,X,94,19,2023-01-27 10:00:00
636,B,Y,75,12,2023-01-27 11:00:00
637,A,Y,7,8,2023-01-27 12:00:00
638,C,X,95,8,2023-01-27 13:00:00
639,B,Z,74,13,2023-01-27 14:00:00
640,D,X,39,12,2023-01-27 15:00:00
641,B,Z,13,16,2023-01-27 16:00:00
642,B,Y,31,1,2023-01-27 17:00:00
643,D,Z,71,13,2023-01-27 18:00:00
644,A,Y,63,7,2023-01-27 19:00:00
645,D,Z,56,5,2023-01-27 20:00:00
646,A,Z,42,8,2023-01-27 21:00:00
647,A,Z,61,14,2023-01-27 22:00:00
648,A,X,42,13,2023-01-27 23:00:00
649,D,X,56,15,2023-01-28 00:00:00
650,A,Y,36,17,2023-01-28 01:00:00
651,C,Y,84,15,2023-01-28 02:00:00
652,D,X,68,18,2023-01-28 03:00:00
653,C,Y,7,18,2023-01-28 04:00:00
654,A,X,54,2,2023-01-28 05:00:00
655,B,Z,1,4,2023-01-28 06:00:00
656,A,Y,44,1,2023-01-28 07:00:00
657,C,Y,45,4,2023-01-28 08:00:00
658,C,X,47,18,2023-01-28 09:00:00
659,D,Y,13,5,2023-01-28 10:00:00
660,B,Y,22,19,2023-01-28 11:00:00
661,D,Z,21,15,2023-01-28 12:00:00
662,C,Y,86,8,2023-01-28 13:00:00
663,A,Z,92,17,2023-01-28 14:00:00
664,B,X,9,1,2023-01-28 15:00:00
665,A,Y,26,12,2023-01-28 16:00:00
666,A,Z,9,19,2023-01-28 17:00:00
667,B,X,15,15,2023-01-28 18:00:00
668,D,Y,10,9,2023-01-28 19:00:00
669,A,X,88,7,2023-01-28 20:00:00
670,C,Y,42,2,2023-01-28 21:00:00
671,A,X,72,9,2023-01-28 22:00:00
672,B,X,24,10,2023-01-28 23:00:00
673,B,Z,80,2,2023-01-29 00:00:00
674,B,X,49,19,2023-01-29 01:00:00
675,D,Y,26,11,2023-01-29 02:00:00
676,A,Y,91,13,2023-01-29 03:00:00
677,D,Z,37,10,2023-01-29 04:00:00
678,D,Y,68,14,2023-01-29 05:00:00
679,B,Y,50,18,2023-01-29 06:00:00
680,B,Y,24,19,2023-01-29 07:00:00
681,D,X,19,9,2023-01-29 08:00:00
682,A,X,60,7,2023-01-29 09:00:00
683,C,Y,39,3,2023-01-29 10:00:00
684,D,Z,74,6,2023-01-29 11:00:00
685,A,X,89,2,2023-01-29 12:00:00
686,B,Z,18,6,2023-01-29 13:00:00
687,B,Y,19,3,2023-01-29 14:00:00
688,A,Y,36,16,2023-01-29 15:00:00
689,C,X,74,8,2023-01-29 16:00:00
690,B,Y,97,2,2023-01-29 17:00:00
691,B,X,55,17,2023-01-29 18:00:00
692,B,Y,69,9,2023-01-29 19:00:00
693,A,Y,47,12,2023-01-29 20:00:00
694,D,X,49,3,2023-01-29 21:00:00
695,B,X,99,11,2023-01-29 22:00:00
696,D,X,98,1,2023-01-29 23:00:00
697,C,Y,33,13,2023-01-30 00:00:00
698,B,Y,21,15,2023-01-30 01:00:00
699,B,Z,81,5,2023-01-30 02:00:00
700,C,X,22,17,2023-01-30 03:00:00
701,B,Y,48,6,2023-01-30 04:00:00
702,D,Y,37,11,2023-01-30 05:00:00
703,A,X,15,18,2023-01-30 06:00:00
704,D,Z,35,4,2023-01-30 07:00:00
705,A,X,92,3,2023-01-30 08:00:00
706,A,Z,71,13,2023-01-30 09:00:00
707,D,Y,32,9,2023-01-30 10:00:00
708,D,Z,11,6,2023-01-30 11:00:00
709,D,Y,10,12,2023-01-30 12:00:00
710,D,X,73,2,2023-01-30 13:00:00
711,C,X,78,3,2023-01-30 14:00:00
712,B,X,77,3,2023-01-30 15:00:00
713,A,Z,57,12,2023-01-30 16:00:00
714,D,Y,25,15,2023-01-30 17:00:00
715,D,X,2,9,2023-01-30 18:00:00
716,D,X,64,8,2023-01-30 19:00:00
717,C,Y,35,11,2023-01-30 20:00:00
718,D,X,7,16,2023-01-30 21:00:00
719,D,Y,85,4,2023-01-30 22:00:00
720,D,Y,18,1,2023-01-30 23:00:00
721,B,Y,67,7,2023-01-31 00:00:00
722,C,Y,42,2,2023-01-31 01:00:00
723,D,Y,39,5,2023-01-31 02:00:00
724,A,Z,41,7,2023-01-31 03:00:00
725,A,X,75,4,2023-01-31 04:00:00
726,A,Z,24,5,2023-01-31 05:00:00
727,C,X,60,1,2023-01-31 06:00:00
728,C,Z,46,1,2023-01-31 07:00:00
729,A,Y,19,15,2023-01-31 08:00:00
730,D,X,68,19,2023-01-31 09:00:00
731,C,X,90,10,2023-01-31 10:00:00
732,A,Z,42,18,2023-01-31 11:00:00
733,A,Z,32,3,2023-01-31 12:00:00
734,D,X,39,11,2023-01-31 13:00:00
735,B,Z,36,15,2023-01-31 14:00:00
736,C,Z,97,11,2023-01-31 15:00:00
737,D,Z,36,17,2023-01-31 16:00:00
738,A,Y,3,17,2023-01-31 17:00:00
739,A,Y,73,6,2023-01-31 18:00:00
740,D,Z,8,5,2023-01-31 19:00:00
741,C,Z,97,8,2023-01-31 20:00:00
742,B,Y,70,2,2023-01-31 21:00:00
743,B,Y,41,16,2023-01-31 22:00:00
744,A,X,68,12,2023-01-31 23:00:00
745,C,X,13,6,2023-02-01 00:00:00
746,B,Y,49,1,2023-02-01 01:00:00
747,C,Z,60,4,2023-02-01 02:00:00
748,C,Z,2,17,2023-02-01 03:00:00
749,A,Z,60,13,2023-02-01 04:00:00
750,B,Z,5,18,2023-02-01 05:00:00
751,D,X,44,5,2023-02-01 06:00:00
752,A,Y,27,3,2023-02-01 07:00:00
753,B,Z,32,11,2023-02-01 08:00:00
754,B,X,21,13,2023-02-01 09:00:00
755,B,Z,8,4,2023-02-01 10:00:00
756,B,Y,72,14,2023-02-01 11:00:00
757,B,X,50,11,2023-02-01 12:00:00
758,C,Y,67,10,2023-02-01 13:00:00
759,A,Y,44,19,2023-02-01 14:00:00
760,C,X,58,18,2023-02-01 15:00:00
761,D,X,3,6,2023-02-01 16:00:00
762,B,X,86,15,2023-02-01 17:00:00
763,A,X,70,10,2023-02-01 18:00:00
764,B,X,2,5,2023-02-01 19:00:00
765,A,X,87,5,2023-02-01 20:00:00
766,C,X,44,10,2023-02-01 21:00:00
767,A,Z,2,5,2023-02-01 22:00:00
768,D,Y,81,3,2023-02-01 23:00:00
769,D,X,35,6,2023-02-02 00:00:00
770,A,Z,98,4,2023-02-02 01:00:00
771,A,Z,87,18,2023-02-02 02:00:00
772,A,Z,30,9,2023-02-02 03:00:00
773,A,Y,8,17,2023-02-02 04:00:00
774,D,X,22,13,2023-02-02 05:00:00
775,B,Z,44,15,2023-02-02 06:00:00
776,A,Y,58,17,2023-02-02 07:00:00
777,A,Y,36,13,2023-02-02 08:00:00
778,D,Y,69,16,2023-02-02 09:00:00
779,D,Z,77,4,2023-02-02 10:00:00
780,C,X,93,5,2023-02-02 11:00:00
781,A,Z,31,5,2023-02-02 12:00:00
782,C,Z,47,9,2023-02-02 13:00:00
783,D,X,55,17,2023-02-02 14:00:00
784,D,X,80,13,2023-02-02 15:00:00
785,B,X,62,2,2023-02-02 16:00:00
786,A,Y,30,13,2023-02-02 17:00:00
787,C,X,55,19,2023-02-02 18:00:00
788,D,Z,16,3,2023-02-02 19:00:00
789,D,X,12,10,2023-02-02 20:00:00
790,C,Z,17,2,2023-02-02 21:00:00
791,B,Y,16,13,2023-02-02 22:00:00
792,D,Z,12,19,2023-02-02 23:00:00
793,A,Z,8,17,2023-02-03 00:00:00
794,D,X,84,14,2023-02-03 01:00:00
795,A,X,3,12,2023-02-03 02:00:00
796,C,Z,16,12,2023-02-03 03:00:00
797,A,X,30,11,2023-02-03 04:00:00
798,C,Y,23,7,2023-02-03 05:00:00
799,A,Y,92,4,2023-02-03 06:00:00
800,C,X,5,19,2023-02-03 07:00:00
801,A,Y,84,1,2023-02-03 08:00:00
802,B,X,65,3,2023-02-03 09:00:00
803,A,Z,30,13,2023-02-03 10:00:00
804,A,Z,21,15,2023-02-03 11:00:00
805,B,Y,84,2,2023-02-03 12:00:00
806,D,X,70,11,2023-02-03 13:00:00
807,D,X,22,4,2023-02-03 14:00:00
808,A,Y,82,19,2023-02-03 15:00:00
809,B,Z,72,17,2023-02-03 16:00:00
810,A,Y,32,3,2023-02-03 17:00:00
811,C,Z,33,18,2023-02-03 18:00:00
812,C,X,16,8,2023-02-03 19:00:00
813,A,Z,76,19,2023-02-03 20:00:00
814,D,Y,38,5,2023-02-03 21:00:00
815,D,X,98,7,2023-02-03 22:00:00
816,A,Y,14,8,2023-02-03 23:00:00
817,A,Y,36,5,2023-02-04 00:00:00
818,C,Z,97,17,2023-02-04 01:00:00
819,D,Y,23,5,2023-02-04 02:00:00
820,A,Z,66,4,2023-02-04 03:00:00
821,C,X,85,19,2023-02-04 04:00:00
822,D,Z,2,2,2023-02-04 05:00:00
823,B,X,91,11,2023-02-04 06:00:00
824,C,Z,73,13,2023-02-04 07:00:00
825,D,Y,65,15,2023-02-04 08:00:00
826,D,Z,75,12,2023-02-04 09:00:00
827,C,Z,67,11,2023-02-04 10:00:00
828,B,X,52,7,2023-02-04 11:00:00
829,C,Y,62,5,2023-02-04 12:00:00
830,D,Z,23,17,2023-02-04 13:00:00
831,A,Y,26,9,2023-02-04 14:00:00
832,A,Z,68,14,2023-02-04 15:00:00
833,C,Z,82,12,2023-02-04 16:00:00
834,D,Y,55,6,2023-02-04 17:00:00
835,A,Z,6,17,2023-02-04 18:00:00
836,D,Y,35,19,2023-02-04 19:00:00
837,C,Z,22,19,2023-02-04 20:00:00
838,A,X,43,16,2023-02-04 21:00:00
839,D,Y,15,12,2023-02-04 22:00:00
840,A,Z,86,12,2023-02-04 23:00:00
841,C,Z,60,6,2023-02-05 00:00:00
842,D,X,12,4,2023-02-05 01:00:00
843,A,Y,49,6,2023-02-05 02:00:00
844,C,Z,42,11,2023-02-05 03:00:00
845,A,X,38,1,2023-02-05 04:00:00
846,A,Z,82,15,2023-02-05 05:00:00
847,B,Y,45,11,2023-02-05 06:00:00
848,B,Z,35,19,2023-02-05 07:00:00
849,C,Z,30,18,2023-02-05 08:00:00
850,B,Z,88,17,2023-02-05 09:00:00
851,C,Z,30,19,2023-02-05 10:00:00
852,B,X,78,14,2023-02-05 11:00:00
853,A,X,6,18,2023-02-05 12:00:00
854,C,Y,67,19,2023-02-05 13:00:00
855,C,X,80,15,2023-02-05 14:00:00
856,A,X,7,15,2023-02-05 15:00:00
857,C,Y,52,4,2023-02-05 16:00:00
858,C,X,14,7,2023-02-05 17:00:00
859,B,X,73,13,2023-02-05 18:00:00
860,C,Y,15,3,2023-02-05 19:00:00
861,D,Y,21,16,2023-02-05 20:00:00
862,A,Y,35,9,2023-02-05 21:00:00
863,B,Z,66,8,2023-02-05 22:00:00
864,B,Z,91,13,2023-02-05 23:00:00
865,D,Y,2,17,2023-02-06 00:00:00
866,A,Y,35,17,2023-02-06 01:00:00
867,A,Y,82,17,2023-02-06 02:00:00
868,B,Z,78,1,2023-02-06 03:00:00
869,C,Z,20,8,2023-02-06 04:00:00
870,B,X,82,19,2023-02-06 05:00:00
871,A,X,10,6,2023-02-06 06:00:00
872,D,Y,25,3,2023-02-06 07:00:00
873,B,Z,66,5,2023-02-06 08:00:00
874,A,Z,25,13,2023-02-06 09:00:00
875,B,Z,54,15,2023-02-06 10:00:00
876,C,Y,33,14,2023-02-06 11:00:00
877,B,X,36,16,2023-02-06 12:00:00
878,B,Y,95,18,2023-02-06 13:00:00
879,A,X,14,11,2023-02-06 14:00:00
880,A,X,65,3,2023-02-06 15:00:00
881,A,Y,80,10,2023-02-06 16:00:00
882,B,X,54,10,2023-02-06 17:00:00
883,C,X,52,16,2023-02-06 18:00:00
884,D,Z,3,12,2023-02-06 19:00:00
885,D,X,99,2,2023-02-06 20:00:00
886,A,Y,41,9,2023-02-06 21:00:00
887,A,Y,6,3,2023-02-06 22:00:00
888,B,X,25,15,2023-02-06 23:00:00
889,D,Z,13,3,2023-02-07 00:00:00
890,A,Z,98,19,2023-02-07 01:00:00
891,C,X,8,18,2023-02-07 02:00:00
892,C,X,21,8,2023-02-07 03:00:00
893,A,Y,98,17,2023-02-07 04:00:00
894,A,X,68,8,2023-02-07 05:00:00
895,D,Z,25,7,2023-02-07 06:00:00
896,D,X,79,7,2023-02-07 07:00:00
897,B,Y,68,3,2023-02-07 08:00:00
898,D,Y,45,1,2023-02-07 09:00:00
899,C,Y,60,4,2023-02-07 10:00:00
900,C,Y,12,5,2023-02-07 11:00:00
901,A,Y,32,1,2023-02-07 12:00:00
902,D,X,96,15,2023-02-07 13:00:00
903,B,X,92,5,2023-02-07 14:00:00
904,C,X,13,13,2023-02-07 15:00:00
905,C,X,31,8,2023-02-07 16:00:00
906,B,Y,78,8,2023-02-07 17:00:00
907,B,Z,20,5,2023-02-07 18:00:00
908,C,X,18,9,2023-02-07 19:00:00
909,C,Z,93,1,2023-02-07 20:00:00
910,B,X,60,4,2023-02-07 21:00:00
911,C,X,63,3,2023-02-07 22:00:00
912,A,Z,6,2,2023-02-07 23:00:00
913,A,Y,32,8,2023-02-08 00:00:00
914,B,X,93,9,2023-02-08 01:00:00
915,D,X,43,2,2023-02-08 02:00:00
916,B,X,2,14,2023-02-08 03:00:00
917,B,Z,60,14,2023-02-08 04:00:00
918,D,Y,23,4,2023-02-08 05:00:00
919,D,Z,83,6,2023-02-08 06:00:00
920,D,Z,31,11,2023-02-08 07:00:00
921,A,Y,5,3,2023-02-08 08:00:00
922,C,Z,83,8,2023-02-08 09:00:00
923,A,Y,34,3,2023-02-08 10:00:00
924,C,X,10,14,2023-02-08 11:00:00
925,A,Y,89,13,2023-02-08 12:00:00
926,C,X,2,13,2023-02-08 13:00:00
927,A,Z,11,2,2023-02-08 14:00:00
928,D,Z,50,13,2023-02-08 15:00:00
929,B,X,31,19,2023-02-08 16:00:00
930,A,Z,56,6,2023-02-08 17:00:00
931,C,Y,79,16,2023-02-08 18:00:00
932,D,X,73,2,2023-02-08 19:00:00
933,A,Z,87,8,2023-02-08 20:00:00
934,A,X,83,17,2023-02-08 21:00:00
935,D,Y,9,2,2023-02-08 22:00:00
936,A,Y,99,10,2023-02-08 23:00:00
937,B,Z,21,16,2023-02-09 00:00:00
938,A,Y,73,6,2023-02-09 01:00:00
939,B,X,28,2,2023-02-09 02:00:00
940,B,Y,62,2,2023-02-09 03:00:00
941,D,X,7,13,2023-02-09 04:00:00
942,A,X,80,15,2023-02-09 05:00:00
943,D,Y,16,2,2023-02-09 06:00:00
944,A,Z,97,7,2023-02-09 07:00:00
945,A,Y,4,3,2023-02-09 08:00:00
946,C,X,4,8,2023-02-09 09:00:00
947,A,X,40,14,2023-02-09 10:00:00
948,D,Y,17,7,2023-02-09 11:00:00
949,B,Z,52,7,2023-02-09 12:00:00
950,A,Z,93,1,2023-02-09 13:00:00
951,C,X,52,17,2023-02-09 14:00:00
952,D,X,36,9,2023-02-09 15:00:00
953,A,Z,38,13,2023-02-09 16:00:00
954,D,Y,50,19,2023-02-09 17:00:00
955,C,X,63,19,2023-02-09 18:00:00
956,C,X,63,17,2023-02-09 19:00:00
957,D,Z,62,10,2023-02-09 20:00:00
958,A,Y,99,10,2023-02-09 21:00:00
959,B,Z,7,4,2023-02-09 22:00:00
960,C,Y,27,8,2023-02-09 23:00:00
961,A,Y,92,18,2023-02-10 00:00:00
962,A,Y,86,14,2023-02-10 01:00:00
963,B,X,14,18,2023-02-10 02:00:00
964,C,Z,71,14,2023-02-10 03:00:00
965,C,Z,86,15,2023-02-10 04:00:00
966,A,Y,5,4,2023-02-10 05:00:00
967,A,X,55,13,2023-02-10 06:00:00
968,B,X,2,8,2023-02-10 07:00:00
969,B,Z,62,18,2023-02-10 08:00:00
970,C,X,91,12,2023-02-10 09:00:00
971,D,X,21,14,2023-02-10 10:00:00
972,C,Y,79,2,2023-02-10 11:00:00
973,A,X,21,18,2023-02-10 12:00:00
974,C,Y,10,2,2023-02-10 13:00:00
975,D,Z,87,11,2023-02-10 14:00:00
976,B,X,58,9,2023-02-10 15:00:00
977,D,Z,39,12,2023-02-10 16:00:00
978,D,Z,5,17,2023-02-10 17:00:00
979,D,X,65,15,2023-02-10 18:00:00
980,B,X,13,17,2023-02-10 19:00:00
981,D,Z,85,18,2023-02-10 20:00:00
982,D,X,90,6,2023-02-10 21:00:00
983,D,Y,85,17,2023-02-10 22:00:00
984,A,Y,53,18,2023-02-10 23:00:00
985,D,X,82,8,2023-02-11 00:00:00
986,B,Z,45,9,2023-02-11 01:00:00
987,D,X,32,6,2023-02-11 02:00:00
988,D,X,36,5,2023-02-11 03:00:00
989,B,Z,81,12,2023-02-11 04:00:00
990,D,Z,99,11,2023-02-11 05:00:00
991,B,Y,60,1,2023-02-11 06:00:00
992,D,Z,11,11,2023-02-11 07:00:00
993,B,Y,63,19,2023-02-11 08:00:00
994,D,Z,21,9,2023-02-11 09:00:00
995,D,X,52,2,2023-02-11 10:00:00
996,A,Y,55,12,2023-02-11 11:00:00
997,A,Y,26,4,2023-02-11 12:00:00
998,D,Y,68,4,2023-02-11 13:00:00
999,D,X,34,18,2023-02-11 14:00:00
1000,C,X,52,15,2023-02-11 15:00:00
